Sample	Reports	Occurrences	% of all reads
CCCTTGGAGAGTGCTAGTTGCCATCTCTTTTTGAGGGTTATGATTTTGGA	2	786	0.10218435305344009
CTCCAGGGACCACCTGGTACTGGTAAGAGTCATTTTGCTATTGGCCTAGC	2	893	0.11609494564468446
GTATATGAGATCTCTCAAAGTGCCAGCTACAGTTTCTGTTTCTTCACCTG	2	957	0.12441530009178392
GTCTAAAGTAGCGGTTGAGTAAACAAAAGAGGCCAAAGTAACAAGTACAA	1	392	0.0509621709884841
GTGCCAAGCTCGTCGCCTAAGTCAAATGACTTTAGATCGGCGCCGTAACT	1	444	0.057722458976752405
GTGTAGGTCAACCACGTTCCCGAAGGTGTGACTTCCATGCCAATGCGCGA	2	967	0.1257153554741432
GTTGGTGGGAATGTTTTGTATGCGTCAATATGCTTATTCAGCAAAATGAC	1	425	0.05525235375026976
NNNNNNNNNNNNNNNNNNNNNNNNNNNNNNNNNNN	2	10310	1.3403570992124265
TGTACACATAGTGCTTAGCACGTAATCTGGCATTGACAACACTCAAATCA	1	399	0.051872209756135615
